local_datetime,NB_total_volume,SB_total_volume
10/30/2024 0:00,0,0
10/30/2024 1:00,0,0
10/30/2024 2:00,0,0
10/30/2024 3:00,0,0
10/30/2024 4:00,0,0
10/30/2024 5:00,101,20
10/30/2024 6:00,459,166
10/30/2024 7:00,1184,297
10/30/2024 8:00,1250,485
10/30/2024 9:00,1068,421
10/30/2024 10:00,1014,410
10/30/2024 11:00,981,495
10/30/2024 12:00,943,565
10/30/2024 13:00,1029,571
10/30/2024 14:00,1045,627
10/30/2024 15:00,1051,743
10/30/2024 16:00,971,666
10/30/2024 17:00,961,639
10/30/2024 18:00,604,490
10/30/2024 19:00,414,366
10/30/2024 20:00,292,310
10/30/2024 21:00,295,264
10/30/2024 22:00,146,179
10/30/2024 23:00,76,89
10/31/2024 0:00,40,37
10/31/2024 1:00,25,24
10/31/2024 2:00,27,6
10/31/2024 3:00,45,10
10/31/2024 4:00,114,15
10/31/2024 5:00,239,63
10/31/2024 6:00,413,188
10/31/2024 7:00,1168,294
10/31/2024 8:00,1240,492
10/31/2024 9:00,988,440
10/31/2024 10:00,1073,440
10/31/2024 11:00,1042,550
10/31/2024 12:00,1036,574
10/31/2024 13:00,986,619
10/31/2024 14:00,1000,690
10/31/2024 15:00,1083,766
10/31/2024 16:00,934,727
10/31/2024 17:00,959,590
10/31/2024 18:00,685,457
10/31/2024 19:00,403,404
10/31/2024 20:00,383,345
10/31/2024 21:00,321,309
10/31/2024 22:00,192,169
10/31/2024 23:00,95,111
11/1/2024 0:00,64,60
11/1/2024 1:00,40,36
11/1/2024 2:00,33,26
11/1/2024 3:00,53,24
11/1/2024 4:00,107,21
11/1/2024 5:00,200,70
11/1/2024 6:00,377,166
11/1/2024 7:00,1108,278
11/1/2024 8:00,1212,531
11/1/2024 9:00,1023,452
11/1/2024 10:00,1074,483
11/1/2024 11:00,1018,565
11/1/2024 12:00,979,595
11/1/2024 13:00,1047,698
11/1/2024 14:00,1007,740
11/1/2024 15:00,1180,749
11/1/2024 16:00,893,710
11/1/2024 17:00,996,608
11/1/2024 18:00,659,485
11/1/2024 19:00,421,437
11/1/2024 20:00,340,392
11/1/2024 21:00,308,362
11/1/2024 22:00,234,296
11/1/2024 23:00,137,201
11/2/2024 0:00,75,98
11/2/2024 1:00,51,70
11/2/2024 2:00,26,34
11/2/2024 3:00,36,23
11/2/2024 4:00,57,25
11/2/2024 5:00,99,41
11/2/2024 6:00,219,84
11/2/2024 7:00,526,154
11/2/2024 8:00,718,265
11/2/2024 9:00,993,262
11/2/2024 10:00,1056,402
11/2/2024 11:00,1012,369
11/2/2024 12:00,1001,495
11/2/2024 13:00,922,606
11/2/2024 14:00,869,563
11/2/2024 15:00,758,520
11/2/2024 16:00,785,530
11/2/2024 17:00,696,415
11/2/2024 18:00,521,431
11/2/2024 19:00,388,375
11/2/2024 20:00,326,377
11/2/2024 21:00,287,320
11/2/2024 22:00,241,277
11/2/2024 23:00,160,199
11/3/2024 0:00,107,96
11/3/2024 1:00,86,119
11/3/2024 2:00,32,23
11/3/2024 3:00,45,29
11/3/2024 4:00,60,22
11/3/2024 5:00,113,45
11/3/2024 6:00,238,79
11/3/2024 7:00,473,158
11/3/2024 8:00,794,308
11/3/2024 9:00,947,323
11/3/2024 10:00,1029,438
11/3/2024 11:00,1174,498
11/3/2024 12:00,924,470
11/3/2024 13:00,1003,451
11/3/2024 14:00,842,410
11/3/2024 15:00,776,390
11/3/2024 16:00,663,304
11/3/2024 17:00,557,435
11/3/2024 18:00,406,416
11/3/2024 19:00,301,356
11/3/2024 20:00,251,297
11/3/2024 21:00,219,217
11/3/2024 22:00,151,164
11/3/2024 23:00,93,124
11/4/2024 0:00,40,49
11/4/2024 1:00,29,26
11/4/2024 2:00,25,20
11/4/2024 3:00,57,22
11/4/2024 4:00,115,37
11/4/2024 5:00,229,76
11/4/2024 6:00,555,179
11/4/2024 7:00,1209,393
11/4/2024 8:00,1259,585
11/4/2024 9:00,1103,453
11/4/2024 10:00,1124,531
11/4/2024 11:00,1024,573
11/4/2024 12:00,1019,606
11/4/2024 13:00,925,587
11/4/2024 14:00,1019,648
11/4/2024 15:00,1085,773
11/4/2024 16:00,911,630
11/4/2024 17:00,733,691
11/4/2024 18:00,459,476
11/4/2024 19:00,348,360
11/4/2024 20:00,231,292
11/4/2024 21:00,221,225
11/4/2024 22:00,103,108
11/4/2024 23:00,85,64
11/5/2024 0:00,43,33
11/5/2024 1:00,23,23
11/5/2024 2:00,21,12
11/5/2024 3:00,46,11
11/5/2024 4:00,113,24
11/5/2024 5:00,235,67
11/5/2024 6:00,628,173
11/5/2024 7:00,1159,393
11/5/2024 8:00,1342,535
11/5/2024 9:00,1315,481
11/5/2024 10:00,1077,547
11/5/2024 11:00,1038,569
11/5/2024 12:00,1010,564
11/5/2024 13:00,1015,550
11/5/2024 14:00,1071,657
11/5/2024 15:00,1234,783
11/5/2024 16:00,982,751
11/5/2024 17:00,796,653
11/5/2024 18:00,542,378
11/5/2024 19:00,403,334
11/5/2024 20:00,270,275
11/5/2024 21:00,237,196
11/5/2024 22:00,149,136
11/5/2024 23:00,76,98
11/6/2024 0:00,43,38
11/6/2024 1:00,23,18
11/6/2024 2:00,23,15
11/6/2024 3:00,46,10
11/6/2024 4:00,123,23
11/6/2024 5:00,222,71
11/6/2024 6:00,567,179
11/6/2024 7:00,1154,400
11/6/2024 8:00,1308,512
11/6/2024 9:00,1057,457
11/6/2024 10:00,999,491
11/6/2024 11:00,1070,606
11/6/2024 12:00,1082,615
11/6/2024 13:00,1002,587
11/6/2024 14:00,1041,685
11/6/2024 15:00,1030,744
11/6/2024 16:00,989,653
11/6/2024 17:00,745,670
11/6/2024 18:00,562,491
11/6/2024 19:00,367,372
11/6/2024 20:00,263,344
11/6/2024 21:00,245,244
11/6/2024 22:00,145,160
11/6/2024 23:00,87,84
11/7/2024 0:00,47,49
11/7/2024 1:00,21,11
11/7/2024 2:00,33,13
11/7/2024 3:00,53,18
11/7/2024 4:00,134,26
11/7/2024 5:00,245,76
11/7/2024 6:00,574,171
11/7/2024 7:00,1193,413
11/7/2024 8:00,1335,519
11/7/2024 9:00,1139,525
11/7/2024 10:00,1117,495
11/7/2024 11:00,1031,612
11/7/2024 12:00,1025,662
11/7/2024 13:00,1029,601
11/7/2024 14:00,998,608
11/7/2024 15:00,1126,823
11/7/2024 16:00,997,680
11/7/2024 17:00,797,687
11/7/2024 18:00,579,461
11/7/2024 19:00,396,369
11/7/2024 20:00,280,337
11/7/2024 21:00,233,344
11/7/2024 22:00,136,185
11/7/2024 23:00,100,100
11/8/2024 0:00,37,48
11/8/2024 1:00,32,17
11/8/2024 2:00,20,17
11/8/2024 3:00,48,13
11/8/2024 4:00,108,29
11/8/2024 5:00,205,67
11/8/2024 6:00,548,135
11/8/2024 7:00,1215,403
11/8/2024 8:00,1386,529
11/8/2024 9:00,1188,439
11/8/2024 10:00,1089,533
11/8/2024 11:00,1114,601
11/8/2024 12:00,1063,715
11/8/2024 13:00,1036,666
11/8/2024 14:00,1042,690
11/8/2024 15:00,1036,843
11/8/2024 16:00,1034,665
11/8/2024 17:00,851,635
11/8/2024 18:00,625,470
11/8/2024 19:00,422,374
11/8/2024 20:00,344,359
11/8/2024 21:00,326,349
11/8/2024 22:00,254,250
11/8/2024 23:00,128,165
11/9/2024 0:00,89,82
11/9/2024 1:00,50,41
11/9/2024 2:00,25,26
11/9/2024 3:00,37,14
11/9/2024 4:00,67,11
11/9/2024 5:00,119,53
11/9/2024 6:00,286,57
11/9/2024 7:00,580,203
11/9/2024 8:00,908,302
11/9/2024 9:00,1070,375
11/9/2024 10:00,1125,472
11/9/2024 11:00,1128,539
11/9/2024 12:00,1007,608
11/9/2024 13:00,910,550
11/9/2024 14:00,862,549
11/9/2024 15:00,754,615
11/9/2024 16:00,856,438
11/9/2024 17:00,669,484
11/9/2024 18:00,501,348
11/9/2024 19:00,440,313
11/9/2024 20:00,324,302
11/9/2024 21:00,341,311
11/9/2024 22:00,271,233
11/9/2024 23:00,177,185
11/10/2024 0:00,99,106
11/10/2024 1:00,56,35
11/10/2024 2:00,30,44
11/10/2024 3:00,42,17
11/10/2024 4:00,54,16
11/10/2024 5:00,95,49
11/10/2024 6:00,235,62
11/10/2024 7:00,412,139
11/10/2024 8:00,696,285
11/10/2024 9:00,851,308
11/10/2024 10:00,956,415
11/10/2024 11:00,972,519
11/10/2024 12:00,883,519
11/10/2024 13:00,866,500
11/10/2024 14:00,785,438
11/10/2024 15:00,760,473
11/10/2024 16:00,781,363
11/10/2024 17:00,630,454
11/10/2024 18:00,440,378
11/10/2024 19:00,298,311
11/10/2024 20:00,249,288
11/10/2024 21:00,252,252
11/10/2024 22:00,164,163
11/10/2024 23:00,107,98
11/11/2024 0:00,59,47
11/11/2024 1:00,32,25
11/11/2024 2:00,34,11
11/11/2024 3:00,67,27
11/11/2024 4:00,115,24
11/11/2024 5:00,201,52
11/11/2024 6:00,424,110
11/11/2024 7:00,822,266
11/11/2024 8:00,961,346
11/11/2024 9:00,987,384
11/11/2024 10:00,1139,429
11/11/2024 11:00,1099,534
11/11/2024 12:00,1021,569
11/11/2024 13:00,993,589
11/11/2024 14:00,882,678
11/11/2024 15:00,923,633
11/11/2024 16:00,826,526
11/11/2024 17:00,661,585
11/11/2024 18:00,515,411
11/11/2024 19:00,374,335
11/11/2024 20:00,282,294
11/11/2024 21:00,240,226
11/11/2024 22:00,137,127
11/11/2024 23:00,86,93
11/12/2024 0:00,38,39
11/12/2024 1:00,20,18
11/12/2024 2:00,23,9
11/12/2024 3:00,46,8
11/12/2024 4:00,108,20
11/12/2024 5:00,217,67
11/12/2024 6:00,554,167
11/12/2024 7:00,1142,382
11/12/2024 8:00,1248,567
11/12/2024 9:00,1344,501
11/12/2024 10:00,1071,577
11/12/2024 11:00,1086,645
11/12/2024 12:00,1109,609
11/12/2024 13:00,1014,613
11/12/2024 14:00,1094,721
11/12/2024 15:00,1106,839
11/12/2024 16:00,1007,659
11/12/2024 17:00,830,694
11/12/2024 18:00,544,491
11/12/2024 19:00,379,362
11/12/2024 20:00,289,297
11/12/2024 21:00,230,214
11/12/2024 22:00,174,152
11/12/2024 23:00,65,88
11/13/2024 0:00,42,29
11/13/2024 1:00,27,22
11/13/2024 2:00,23,12
11/13/2024 3:00,44,14
11/13/2024 4:00,123,15
11/13/2024 5:00,233,68
11/13/2024 6:00,561,140
11/13/2024 7:00,1244,365
11/13/2024 8:00,1343,582
11/13/2024 9:00,1098,484
11/13/2024 10:00,1058,500
11/13/2024 11:00,1011,594
11/13/2024 12:00,1010,637
11/13/2024 13:00,1057,646
11/13/2024 14:00,1040,688
11/13/2024 15:00,1036,803
11/13/2024 16:00,987,653
11/13/2024 17:00,791,702
11/13/2024 18:00,571,452
11/13/2024 19:00,420,385
11/13/2024 20:00,317,332
11/13/2024 21:00,251,262
11/13/2024 22:00,162,194
11/13/2024 23:00,101,106
11/14/2024 0:00,47,45
11/14/2024 1:00,26,26
11/14/2024 2:00,23,13
11/14/2024 3:00,66,12
11/14/2024 4:00,125,19
11/14/2024 5:00,236,67
11/14/2024 6:00,571,149
11/14/2024 7:00,1261,414
11/14/2024 8:00,1415,577
11/14/2024 9:00,1077,520
11/14/2024 10:00,1145,565
11/14/2024 11:00,1119,627
11/14/2024 12:00,1053,689
11/14/2024 13:00,1046,693
11/14/2024 14:00,1133,651
11/14/2024 15:00,1076,830
11/14/2024 16:00,1030,660
11/14/2024 17:00,824,747
11/14/2024 18:00,555,459
11/14/2024 19:00,413,388
11/14/2024 20:00,288,329
11/14/2024 21:00,280,320
11/14/2024 22:00,169,236
11/14/2024 23:00,91,110
11/15/2024 0:00,38,57
11/15/2024 1:00,31,34
11/15/2024 2:00,24,15
11/15/2024 3:00,51,11
11/15/2024 4:00,127,30
11/15/2024 5:00,219,52
11/15/2024 6:00,554,128
11/15/2024 7:00,1196,336
11/15/2024 8:00,1376,423
11/15/2024 9:00,1064,459
11/15/2024 10:00,1072,471
11/15/2024 11:00,1080,491
11/15/2024 12:00,1140,559
11/15/2024 13:00,1092,660
11/15/2024 14:00,1111,805
11/15/2024 15:00,1141,734
11/15/2024 16:00,1119,559
11/15/2024 17:00,799,709
11/15/2024 18:00,566,501
11/15/2024 19:00,357,362
11/15/2024 20:00,289,301
11/15/2024 21:00,270,308
11/15/2024 22:00,277,286
11/15/2024 23:00,154,163
11/16/2024 0:00,81,85
11/16/2024 1:00,53,45
11/16/2024 2:00,34,37
11/16/2024 3:00,69,21
11/16/2024 4:00,65,25
11/16/2024 5:00,142,49
11/16/2024 6:00,298,76
11/16/2024 7:00,583,184
11/16/2024 8:00,885,278
11/16/2024 9:00,1055,390
11/16/2024 10:00,1057,446
11/16/2024 11:00,1056,538
11/16/2024 12:00,1043,591
11/16/2024 13:00,968,567
11/16/2024 14:00,919,594
11/16/2024 15:00,904,452
11/16/2024 16:00,947,428
11/16/2024 17:00,686,530
11/16/2024 18:00,504,414
11/16/2024 19:00,397,324
11/16/2024 20:00,327,315
11/16/2024 21:00,262,302
11/16/2024 22:00,251,243
11/16/2024 23:00,167,166
11/17/2024 0:00,106,105
11/17/2024 1:00,61,53
11/17/2024 2:00,34,38
11/17/2024 3:00,56,23
11/17/2024 4:00,65,19
11/17/2024 5:00,105,43
11/17/2024 6:00,182,43
11/17/2024 7:00,415,154
11/17/2024 8:00,672,317
11/17/2024 9:00,905,382
11/17/2024 10:00,1006,511
11/17/2024 11:00,1088,531
11/17/2024 12:00,908,573
11/17/2024 13:00,923,516
11/17/2024 14:00,893,441
11/17/2024 15:00,811,503
11/17/2024 16:00,813,320
11/17/2024 17:00,613,451
11/17/2024 18:00,436,336
11/17/2024 19:00,324,272
11/17/2024 20:00,256,281
11/17/2024 21:00,237,233
11/17/2024 22:00,149,126
11/17/2024 23:00,92,100
11/18/2024 0:00,48,36
11/18/2024 1:00,23,11
11/18/2024 2:00,28,17
11/18/2024 3:00,56,18
11/18/2024 4:00,129,17
11/18/2024 5:00,215,68
11/18/2024 6:00,499,147
11/18/2024 7:00,1216,356
11/18/2024 8:00,1311,534
11/18/2024 9:00,1099,432
11/18/2024 10:00,1096,466
11/18/2024 11:00,1103,505
11/18/2024 12:00,958,588
11/18/2024 13:00,1045,566
11/18/2024 14:00,1125,635
11/18/2024 15:00,1156,691
11/18/2024 16:00,974,581
11/18/2024 17:00,729,643
11/18/2024 18:00,489,459
11/18/2024 19:00,385,296
11/18/2024 20:00,309,302
11/18/2024 21:00,240,225
11/18/2024 22:00,135,129
11/18/2024 23:00,76,72
11/19/2024 0:00,33,36
11/19/2024 1:00,26,16
11/19/2024 2:00,27,11
11/19/2024 3:00,53,11
11/19/2024 4:00,121,19
11/19/2024 5:00,229,67
11/19/2024 6:00,555,174
11/19/2024 7:00,1123,339
11/19/2024 8:00,1355,485
11/19/2024 9:00,1386,425
11/19/2024 10:00,1117,504
11/19/2024 11:00,1153,549
11/19/2024 12:00,1062,552
11/19/2024 13:00,1051,534
11/19/2024 14:00,1086,677
11/19/2024 15:00,1270,690
11/19/2024 16:00,1046,618
11/19/2024 17:00,822,689
11/19/2024 18:00,495,421
11/19/2024 19:00,382,353
11/19/2024 20:00,293,348
11/19/2024 21:00,268,220
11/19/2024 22:00,142,158
11/19/2024 23:00,72,89
11/20/2024 0:00,36,31
11/20/2024 1:00,23,15
11/20/2024 2:00,20,7
11/20/2024 3:00,48,10
11/20/2024 4:00,127,19
11/20/2024 5:00,231,69
11/20/2024 6:00,499,136
11/20/2024 7:00,1261,378
11/20/2024 8:00,1369,527
11/20/2024 9:00,1137,451
11/20/2024 10:00,1089,509
11/20/2024 11:00,1126,536
11/20/2024 12:00,1046,579
11/20/2024 13:00,1076,560
11/20/2024 14:00,1066,664
11/20/2024 15:00,1133,738
11/20/2024 16:00,991,616
11/20/2024 17:00,843,727
11/20/2024 18:00,552,530
11/20/2024 19:00,339,380
11/20/2024 20:00,299,354
11/20/2024 21:00,283,292
11/20/2024 22:00,139,228
11/20/2024 23:00,77,86
11/21/2024 0:00,27,52
11/21/2024 1:00,26,18
11/21/2024 2:00,35,19
11/21/2024 3:00,49,12
11/21/2024 4:00,113,23
11/21/2024 5:00,216,64
11/21/2024 6:00,524,170
11/21/2024 7:00,1283,349
11/21/2024 8:00,1304,527
11/21/2024 9:00,1092,462
11/21/2024 10:00,1088,544
11/21/2024 11:00,1075,568
11/21/2024 12:00,1021,589
11/21/2024 13:00,980,592
11/21/2024 14:00,1013,659
11/21/2024 15:00,1157,714
11/21/2024 16:00,1032,685
11/21/2024 17:00,804,698
11/21/2024 18:00,558,475
11/21/2024 19:00,406,410
11/21/2024 20:00,288,373
11/21/2024 21:00,273,291
11/21/2024 22:00,184,207
11/21/2024 23:00,105,105
11/22/2024 0:00,42,60
11/22/2024 1:00,21,35
11/22/2024 2:00,31,16
11/22/2024 3:00,48,13
11/22/2024 4:00,109,23
11/22/2024 5:00,204,69
11/22/2024 6:00,524,115
11/22/2024 7:00,1197,350
11/22/2024 8:00,1382,529
11/22/2024 9:00,1115,528
11/22/2024 10:00,1134,506
11/22/2024 11:00,1161,661
11/22/2024 12:00,1094,624
11/22/2024 13:00,1148,621
11/22/2024 14:00,1046,710
11/22/2024 15:00,1166,630
11/22/2024 16:00,1073,614
11/22/2024 17:00,837,706
11/22/2024 18:00,577,512
11/22/2024 19:00,456,383
11/22/2024 20:00,307,345
11/22/2024 21:00,321,378
11/22/2024 22:00,220,321
11/22/2024 23:00,121,146
11/23/2024 0:00,84,73
11/23/2024 1:00,53,50
11/23/2024 2:00,32,35
11/23/2024 3:00,33,20
11/23/2024 4:00,74,19
11/23/2024 5:00,135,36
11/23/2024 6:00,276,63
11/23/2024 7:00,606,178
11/23/2024 8:00,900,323
11/23/2024 9:00,1113,375
11/23/2024 10:00,1170,427
11/23/2024 11:00,1095,506
11/23/2024 12:00,1035,566
11/23/2024 13:00,955,475
11/23/2024 14:00,865,499
11/23/2024 15:00,862,517
11/23/2024 16:00,890,410
11/23/2024 17:00,604,564
11/23/2024 18:00,493,408
11/23/2024 19:00,376,390
11/23/2024 20:00,336,363
11/23/2024 21:00,297,328
11/23/2024 22:00,251,234
11/23/2024 23:00,148,154
11/24/2024 0:00,72,73
11/24/2024 1:00,52,48
11/24/2024 2:00,29,23
11/24/2024 3:00,38,15
11/24/2024 4:00,59,21
11/24/2024 5:00,102,38
11/24/2024 6:00,213,54
11/24/2024 7:00,381,114
11/24/2024 8:00,695,275
11/24/2024 9:00,969,368
11/24/2024 10:00,1024,463
11/24/2024 11:00,1084,496
11/24/2024 12:00,955,397
11/24/2024 13:00,870,460
11/24/2024 14:00,817,406
11/24/2024 15:00,805,409
11/24/2024 16:00,843,381
11/24/2024 17:00,571,476
11/24/2024 18:00,460,340
11/24/2024 19:00,372,313
11/24/2024 20:00,288,331
11/24/2024 21:00,257,229
11/24/2024 22:00,145,166
11/24/2024 23:00,106,134
11/25/2024 0:00,56,68
11/25/2024 1:00,34,26
11/25/2024 2:00,26,11
11/25/2024 3:00,54,18
11/25/2024 4:00,105,22
11/25/2024 5:00,225,57
11/25/2024 6:00,469,123
11/25/2024 7:00,994,297
11/25/2024 8:00,1109,367
11/25/2024 9:00,1161,450
11/25/2024 10:00,1202,499
11/25/2024 11:00,1211,605
11/25/2024 12:00,1074,655
11/25/2024 13:00,1065,633
11/25/2024 14:00,1022,614
11/25/2024 15:00,1079,675
11/25/2024 16:00,1044,600
11/25/2024 17:00,758,727
11/25/2024 18:00,521,483
11/25/2024 19:00,406,366
11/25/2024 20:00,265,354
11/25/2024 21:00,258,342
11/25/2024 22:00,166,184
11/25/2024 23:00,95,117
11/26/2024 0:00,53,52
11/26/2024 1:00,28,29
11/26/2024 2:00,29,19
11/26/2024 3:00,51,8
11/26/2024 4:00,120,21
11/26/2024 5:00,228,69
11/26/2024 6:00,531,153
11/26/2024 7:00,1008,270
11/26/2024 8:00,1229,430
11/26/2024 9:00,1215,497
11/26/2024 10:00,1273,533
11/26/2024 11:00,1319,615
11/26/2024 12:00,1144,586
11/26/2024 13:00,1190,664
11/26/2024 14:00,1100,650
11/26/2024 15:00,1086,809
11/26/2024 16:00,1084,667
11/26/2024 17:00,829,722
11/26/2024 18:00,648,528
11/26/2024 19:00,452,413
11/26/2024 20:00,361,370
11/26/2024 21:00,315,376
11/26/2024 22:00,229,257
11/26/2024 23:00,104,121
11/27/2024 0:00,63,57
11/27/2024 1:00,30,32
11/27/2024 2:00,30,24
11/27/2024 3:00,50,15
11/27/2024 4:00,125,20
11/27/2024 5:00,210,65
11/27/2024 6:00,483,156
11/27/2024 7:00,1042,321
11/27/2024 8:00,1151,371
11/27/2024 9:00,1314,507
11/27/2024 10:00,1394,550
11/27/2024 11:00,1328,606
11/27/2024 12:00,1219,715
11/27/2024 13:00,1044,717
11/27/2024 14:00,1129,723
11/27/2024 15:00,1063,755
11/27/2024 16:00,1084,686
11/27/2024 17:00,810,502
11/27/2024 18:00,604,544
11/27/2024 19:00,480,435
11/27/2024 20:00,375,404
11/27/2024 21:00,328,369
11/27/2024 22:00,243,233
11/27/2024 23:00,141,149
11/28/2024 0:00,84,93
11/28/2024 1:00,47,46
11/28/2024 2:00,41,30
11/28/2024 3:00,40,20
11/28/2024 4:00,66,24
11/28/2024 5:00,90,51
11/28/2024 6:00,216,53
11/28/2024 7:00,393,127
11/28/2024 8:00,562,226
11/28/2024 9:00,612,360
11/28/2024 10:00,634,503
11/28/2024 11:00,658,445
11/28/2024 12:00,552,470
11/28/2024 13:00,610,397
11/28/2024 14:00,547,366
11/28/2024 15:00,517,321
11/28/2024 16:00,535,211
11/28/2024 17:00,440,333
11/28/2024 18:00,376,242
11/28/2024 19:00,360,296
11/28/2024 20:00,370,291
11/28/2024 21:00,315,237
11/28/2024 22:00,204,154
11/28/2024 23:00,136,108
11/29/2024 0:00,89,47
11/29/2024 1:00,37,21
11/29/2024 2:00,28,17
11/29/2024 3:00,35,3
11/29/2024 4:00,113,28
11/29/2024 5:00,172,46
11/29/2024 6:00,315,71
11/29/2024 7:00,593,168
11/29/2024 8:00,893,269
11/29/2024 9:00,1020,295
11/29/2024 10:00,1152,383
11/29/2024 11:00,1151,491
11/29/2024 12:00,1084,469
11/29/2024 13:00,1027,578
11/29/2024 14:00,957,656
11/29/2024 15:00,984,700
11/29/2024 16:00,884,603
11/29/2024 17:00,705,601
11/29/2024 18:00,556,462
11/29/2024 19:00,398,392
11/29/2024 20:00,368,343
11/29/2024 21:00,348,401
11/29/2024 22:00,263,278
11/29/2024 23:00,147,151
11/30/2024 0:00,62,89
11/30/2024 1:00,53,49
11/30/2024 2:00,42,34
11/30/2024 3:00,28,13
11/30/2024 4:00,81,32
11/30/2024 5:00,126,48
11/30/2024 6:00,259,62
11/30/2024 7:00,541,153
11/30/2024 8:00,830,243
11/30/2024 9:00,1088,348
11/30/2024 10:00,1233,425
11/30/2024 11:00,1275,539
11/30/2024 12:00,1095,523
11/30/2024 13:00,1019,517
11/30/2024 14:00,987,455
11/30/2024 15:00,944,464
11/30/2024 16:00,943,410
11/30/2024 17:00,699,476
11/30/2024 18:00,564,407
11/30/2024 19:00,393,357
11/30/2024 20:00,355,332
11/30/2024 21:00,299,336
11/30/2024 22:00,248,273
11/30/2024 23:00,151,133
12/1/2024 0:00,86,95
12/1/2024 1:00,54,42
12/1/2024 2:00,39,33
12/1/2024 3:00,44,19
12/1/2024 4:00,72,18
12/1/2024 5:00,126,45
12/1/2024 6:00,186,59
12/1/2024 7:00,412,108
12/1/2024 8:00,688,266
12/1/2024 9:00,931,290
12/1/2024 10:00,1009,438
12/1/2024 11:00,978,453
12/1/2024 12:00,873,462
12/1/2024 13:00,853,474
12/1/2024 14:00,740,381
12/1/2024 15:00,780,311
12/1/2024 16:00,694,317
12/1/2024 17:00,578,379
12/1/2024 18:00,503,305
12/1/2024 19:00,406,285
12/1/2024 20:00,319,246
12/1/2024 21:00,213,182
12/1/2024 22:00,134,150
12/1/2024 23:00,86,85
12/2/2024 0:00,32,33
12/2/2024 1:00,25,20
12/2/2024 2:00,28,14
12/2/2024 3:00,65,17
12/2/2024 4:00,113,17
12/2/2024 5:00,212,62
12/2/2024 6:00,489,163
12/2/2024 7:00,1237,284
12/2/2024 8:00,1344,507
12/2/2024 9:00,1050,420
12/2/2024 10:00,1091,428
12/2/2024 11:00,1053,499
12/2/2024 12:00,1005,534
12/2/2024 13:00,969,531
12/2/2024 14:00,998,584
12/2/2024 15:00,1203,605
12/2/2024 16:00,968,562
12/2/2024 17:00,732,634
12/2/2024 18:00,522,429
12/2/2024 19:00,366,332
12/2/2024 20:00,263,280
12/2/2024 21:00,209,240
12/2/2024 22:00,153,150
12/2/2024 23:00,97,83
12/3/2024 0:00,45,27
12/3/2024 1:00,21,16
12/3/2024 2:00,28,11
12/3/2024 3:00,43,5
12/3/2024 4:00,105,12
12/3/2024 5:00,232,61
12/3/2024 6:00,495,187
12/3/2024 7:00,1221,308
12/3/2024 8:00,1336,467
12/3/2024 9:00,1165,368
12/3/2024 10:00,1011,416
12/3/2024 11:00,1051,394
12/3/2024 12:00,1033,488
12/3/2024 13:00,989,443
12/3/2024 14:00,1042,588
12/3/2024 15:00,1240,661
12/3/2024 16:00,931,566
12/3/2024 17:00,807,659
12/3/2024 18:00,552,433
12/3/2024 19:00,412,354
12/3/2024 20:00,297,330
12/3/2024 21:00,245,269
12/3/2024 22:00,148,175
12/3/2024 23:00,75,85
12/4/2024 0:00,31,47
12/4/2024 1:00,16,14
12/4/2024 2:00,23,10
12/4/2024 3:00,35,10
12/4/2024 4:00,123,15
12/4/2024 5:00,225,54
12/4/2024 6:00,503,162
12/4/2024 7:00,1274,303
12/4/2024 8:00,1311,499
12/4/2024 9:00,1066,427
12/4/2024 10:00,1014,464
12/4/2024 11:00,1028,583
12/4/2024 12:00,1025,542
12/4/2024 13:00,1074,540
12/4/2024 14:00,1005,604
12/4/2024 15:00,1146,552
12/4/2024 16:00,977,640
12/4/2024 17:00,785,686
12/4/2024 18:00,533,457
12/4/2024 19:00,357,353
12/4/2024 20:00,333,353
12/4/2024 21:00,241,295
12/4/2024 22:00,146,156
12/4/2024 23:00,72,85
12/5/2024 0:00,39,62
12/5/2024 1:00,18,20
12/5/2024 2:00,27,11
12/5/2024 3:00,48,11
12/5/2024 4:00,112,23
12/5/2024 5:00,204,63
12/5/2024 6:00,479,173
12/5/2024 7:00,1269,321
12/5/2024 8:00,1392,510
12/5/2024 9:00,1061,429
12/5/2024 10:00,1004,475
12/5/2024 11:00,1078,547
12/5/2024 12:00,993,551
12/5/2024 13:00,947,572
12/5/2024 14:00,969,602
12/5/2024 15:00,1195,568
12/5/2024 16:00,1000,573
12/5/2024 17:00,853,700
12/5/2024 18:00,628,503
12/5/2024 19:00,413,388
12/5/2024 20:00,290,394
12/5/2024 21:00,282,322
12/5/2024 22:00,178,241
12/5/2024 23:00,93,132
12/6/2024 0:00,48,61
12/6/2024 1:00,34,21
12/6/2024 2:00,19,20
12/6/2024 3:00,42,12
12/6/2024 4:00,119,21
12/6/2024 5:00,214,72
12/6/2024 6:00,455,199
12/6/2024 7:00,1185,347
12/6/2024 8:00,1348,512
12/6/2024 9:00,1108,523
12/6/2024 10:00,1063,500
12/6/2024 11:00,1137,626
12/6/2024 12:00,1087,674
12/6/2024 13:00,988,598
12/6/2024 14:00,1024,642
12/6/2024 15:00,1169,537
12/6/2024 16:00,1065,678
12/6/2024 17:00,861,658
12/6/2024 18:00,604,479
12/6/2024 19:00,571,394
12/6/2024 20:00,412,356
12/6/2024 21:00,313,330
12/6/2024 22:00,253,242
12/6/2024 23:00,147,165
12/7/2024 0:00,81,79
12/7/2024 1:00,55,42
12/7/2024 2:00,28,30
12/7/2024 3:00,42,13
12/7/2024 4:00,72,19
12/7/2024 5:00,121,33
12/7/2024 6:00,275,109
12/7/2024 7:00,568,203
12/7/2024 8:00,780,380
12/7/2024 9:00,1026,446
12/7/2024 10:00,1096,554
12/7/2024 11:00,1147,646
12/7/2024 12:00,1050,716
12/7/2024 13:00,953,575
12/7/2024 14:00,911,502
12/7/2024 15:00,941,416
12/7/2024 16:00,949,474
12/7/2024 17:00,707,494
12/7/2024 18:00,523,349
12/7/2024 19:00,406,297
12/7/2024 20:00,332,309
12/7/2024 21:00,308,342
12/7/2024 22:00,270,246
12/7/2024 23:00,148,148
12/8/2024 0:00,91,81
12/8/2024 1:00,43,41
12/8/2024 2:00,37,26
12/8/2024 3:00,53,16
12/8/2024 4:00,205,51
12/8/2024 5:00,143,81
12/8/2024 6:00,250,102
12/8/2024 7:00,428,108
12/8/2024 8:00,679,230
12/8/2024 9:00,974,238
12/8/2024 10:00,1103,316
12/8/2024 11:00,1168,292
12/8/2024 12:00,888,299
12/8/2024 13:00,846,342
12/8/2024 14:00,713,314
12/8/2024 15:00,793,343
12/8/2024 16:00,849,337
12/8/2024 17:00,597,427
12/8/2024 18:00,473,334
12/8/2024 19:00,364,294
12/8/2024 20:00,284,299
12/8/2024 21:00,250,244
12/8/2024 22:00,123,152
12/8/2024 23:00,93,84
12/9/2024 0:00,33,39
12/9/2024 1:00,23,19
12/9/2024 2:00,27,17
12/9/2024 3:00,49,18
12/9/2024 4:00,115,13
12/9/2024 5:00,197,52
12/9/2024 6:00,433,194
12/9/2024 7:00,1228,355
12/9/2024 8:00,1238,563
12/9/2024 9:00,1030,537
12/9/2024 10:00,1063,512
12/9/2024 11:00,1033,591
12/9/2024 12:00,924,613
12/9/2024 13:00,933,503
12/9/2024 14:00,973,557
12/9/2024 15:00,1163,537
12/9/2024 16:00,974,548
12/9/2024 17:00,758,641
12/9/2024 18:00,476,392
12/9/2024 19:00,373,315
12/9/2024 20:00,258,318
12/9/2024 21:00,209,239
12/9/2024 22:00,135,156
12/9/2024 23:00,66,75
12/10/2024 0:00,40,46
12/10/2024 1:00,12,24
12/10/2024 2:00,19,13
12/10/2024 3:00,50,12
12/10/2024 4:00,106,22
12/10/2024 5:00,196,58
12/10/2024 6:00,454,195
12/10/2024 7:00,1080,336
12/10/2024 8:00,1210,509
12/10/2024 9:00,1113,494
12/10/2024 10:00,962,472
12/10/2024 11:00,994,496
12/10/2024 12:00,950,545
12/10/2024 13:00,971,531
12/10/2024 14:00,1004,525
12/10/2024 15:00,1081,527
12/10/2024 16:00,1066,588
12/10/2024 17:00,792,735
12/10/2024 18:00,553,449
12/10/2024 19:00,363,371
12/10/2024 20:00,296,387
12/10/2024 21:00,252,306
12/10/2024 22:00,156,179
12/10/2024 23:00,68,91
12/11/2024 0:00,46,31
12/11/2024 1:00,17,20
12/11/2024 2:00,26,11
12/11/2024 3:00,56,14
12/11/2024 4:00,123,19
12/11/2024 5:00,209,61
12/11/2024 6:00,434,188
12/11/2024 7:00,1183,384
12/11/2024 8:00,1327,433
12/11/2024 9:00,1010,393
12/11/2024 10:00,1011,409
12/11/2024 11:00,955,409
12/11/2024 12:00,947,533
12/11/2024 13:00,1061,573
12/11/2024 14:00,1014,643
12/11/2024 15:00,1109,717
12/11/2024 16:00,989,645
12/11/2024 17:00,776,662
12/11/2024 18:00,515,435
12/11/2024 19:00,363,366
12/11/2024 20:00,284,370
12/11/2024 21:00,205,312
12/11/2024 22:00,157,183
12/11/2024 23:00,92,82
12/12/2024 0:00,47,43
12/12/2024 1:00,36,61
12/12/2024 2:00,16,13
12/12/2024 3:00,53,12
12/12/2024 4:00,106,27
12/12/2024 5:00,222,54
12/12/2024 6:00,458,161
12/12/2024 7:00,1196,295
12/12/2024 8:00,1319,480
12/12/2024 9:00,1025,434
12/12/2024 10:00,1029,474
12/12/2024 11:00,1030,473
12/12/2024 12:00,894,508
12/12/2024 13:00,935,531
12/12/2024 14:00,1005,582
12/12/2024 15:00,1223,646
12/12/2024 16:00,989,626
12/12/2024 17:00,814,627
12/12/2024 18:00,576,436
12/12/2024 19:00,352,352
12/12/2024 20:00,286,334
12/12/2024 21:00,274,314
12/12/2024 22:00,159,212
12/12/2024 23:00,94,114
12/13/2024 0:00,46,54
12/13/2024 1:00,44,27
12/13/2024 2:00,27,10
12/13/2024 3:00,40,21
12/13/2024 4:00,112,12
12/13/2024 5:00,206,49
12/13/2024 6:00,463,153
12/13/2024 7:00,1249,287
12/13/2024 8:00,1312,455
12/13/2024 9:00,1079,394
12/13/2024 10:00,1059,452
12/13/2024 11:00,1030,452
12/13/2024 12:00,1033,587
12/13/2024 13:00,1010,521
12/13/2024 14:00,1253,619
12/13/2024 15:00,1174,524
12/13/2024 16:00,991,594
12/13/2024 17:00,824,625
12/13/2024 18:00,579,481
12/13/2024 19:00,402,422
12/13/2024 20:00,331,390
12/13/2024 21:00,299,356
12/13/2024 22:00,243,286
12/13/2024 23:00,130,168
12/14/2024 0:00,75,92
12/14/2024 1:00,52,43
12/14/2024 2:00,29,36
12/14/2024 3:00,45,15
12/14/2024 4:00,66,23
12/14/2024 5:00,120,43
12/14/2024 6:00,274,71
12/14/2024 7:00,589,137
12/14/2024 8:00,830,235
12/14/2024 9:00,1011,299
12/14/2024 10:00,1061,368
12/14/2024 11:00,1127,438
12/14/2024 12:00,1028,495
12/14/2024 13:00,971,451
12/14/2024 14:00,939,442
12/14/2024 15:00,909,428
12/14/2024 16:00,909,413
12/14/2024 17:00,697,487
12/14/2024 18:00,500,374
12/14/2024 19:00,374,365
12/14/2024 20:00,333,412
12/14/2024 21:00,320,340
12/14/2024 22:00,212,291
12/14/2024 23:00,151,176
12/15/2024 0:00,89,91
12/15/2024 1:00,66,62
12/15/2024 2:00,38,46
12/15/2024 3:00,56,29
12/15/2024 4:00,51,26
12/15/2024 5:00,97,39
12/15/2024 6:00,187,67
12/15/2024 7:00,397,103
12/15/2024 8:00,628,256
12/15/2024 9:00,828,268
12/15/2024 10:00,949,353
12/15/2024 11:00,943,431
12/15/2024 12:00,915,396
12/15/2024 13:00,840,421
12/15/2024 14:00,775,349
12/15/2024 15:00,726,284
12/15/2024 16:00,756,343
12/15/2024 17:00,569,433
12/15/2024 18:00,383,362
12/15/2024 19:00,334,293
12/15/2024 20:00,266,311
12/15/2024 21:00,217,222
12/15/2024 22:00,146,150
12/15/2024 23:00,71,81
12/16/2024 0:00,46,38
12/16/2024 1:00,30,22
12/16/2024 2:00,26,15
12/16/2024 3:00,45,14
12/16/2024 4:00,126,14
12/16/2024 5:00,203,63
12/16/2024 6:00,462,140
12/16/2024 7:00,1159,309
12/16/2024 8:00,1315,410
12/16/2024 9:00,989,434
12/16/2024 10:00,1057,429
12/16/2024 11:00,1047,452
12/16/2024 12:00,979,577
12/16/2024 13:00,993,491
12/16/2024 14:00,1023,578
12/16/2024 15:00,1129,502
12/16/2024 16:00,968,556
12/16/2024 17:00,731,751
12/16/2024 18:00,508,614
12/16/2024 19:00,378,484
12/16/2024 20:00,303,449
12/16/2024 21:00,192,328
12/16/2024 22:00,141,274
12/16/2024 23:00,77,178
12/17/2024 0:00,34,73
12/17/2024 1:00,24,38
12/17/2024 2:00,25,31
12/17/2024 3:00,46,20
12/17/2024 4:00,101,32
12/17/2024 5:00,260,85
12/17/2024 6:00,507,142
12/17/2024 7:00,1067,246
12/17/2024 8:00,1288,397
12/17/2024 9:00,1183,350
12/17/2024 10:00,1055,392
12/17/2024 11:00,1016,459
12/17/2024 12:00,992,482
12/17/2024 13:00,970,394
12/17/2024 14:00,1033,480
12/17/2024 15:00,1066,410
12/17/2024 16:00,943,518
12/17/2024 17:00,757,912
12/17/2024 18:00,570,654
12/17/2024 19:00,427,529
12/17/2024 20:00,269,468
12/17/2024 21:00,247,404
12/17/2024 22:00,137,265
12/17/2024 23:00,86,146
12/18/2024 0:00,43,94
12/18/2024 1:00,23,42
12/18/2024 2:00,28,27
12/18/2024 3:00,44,20
12/18/2024 4:00,128,28
12/18/2024 5:00,256,72
12/18/2024 6:00,507,172
12/18/2024 7:00,1160,263
12/18/2024 8:00,1256,433
12/18/2024 9:00,1048,375
12/18/2024 10:00,1041,462
12/18/2024 11:00,1159,466
12/18/2024 12:00,1040,491
12/18/2024 13:00,1063,410
12/18/2024 14:00,1088,509
12/18/2024 15:00,1171,394
12/18/2024 16:00,1062,505
12/18/2024 17:00,833,454
12/18/2024 18:00,575,556
12/18/2024 19:00,413,463
12/18/2024 20:00,326,436
12/18/2024 21:00,244,415
12/18/2024 22:00,172,234
12/18/2024 23:00,79,153
12/19/2024 0:00,38,65
12/19/2024 1:00,15,22
12/19/2024 2:00,20,29
12/19/2024 3:00,50,21
12/19/2024 4:00,114,38
12/19/2024 5:00,207,81
12/19/2024 6:00,495,160
12/19/2024 7:00,1217,249
12/19/2024 8:00,1436,403
12/19/2024 9:00,1088,385
12/19/2024 10:00,1057,418
12/19/2024 11:00,1169,485
12/19/2024 12:00,1127,433
12/19/2024 13:00,1013,422
12/19/2024 14:00,1092,503
12/19/2024 15:00,1164,499
12/19/2024 16:00,1051,507
12/19/2024 17:00,859,488
12/19/2024 18:00,593,535
12/19/2024 19:00,419,497
12/19/2024 20:00,303,459
12/19/2024 21:00,267,435
12/19/2024 22:00,165,284
12/19/2024 23:00,84,153
12/20/2024 0:00,44,82
12/20/2024 1:00,19,43
12/20/2024 2:00,29,26
12/20/2024 3:00,33,22
12/20/2024 4:00,107,35
12/20/2024 5:00,205,95
12/20/2024 6:00,462,148
12/20/2024 7:00,1193,239
12/20/2024 8:00,1313,390
12/20/2024 9:00,1152,363
12/20/2024 10:00,1123,428
12/20/2024 11:00,1123,511
12/20/2024 12:00,1160,496
12/20/2024 13:00,1152,504
12/20/2024 14:00,967,524
12/20/2024 15:00,1124,456
12/20/2024 16:00,1024,473
12/20/2024 17:00,777,438
12/20/2024 18:00,598,551
12/20/2024 19:00,466,524
12/20/2024 20:00,319,471
12/20/2024 21:00,295,493
12/20/2024 22:00,225,381
12/20/2024 23:00,126,215
12/21/2024 0:00,69,126
12/21/2024 1:00,41,55
12/21/2024 2:00,29,36
12/21/2024 3:00,31,21
12/21/2024 4:00,73,25
12/21/2024 5:00,120,67
12/21/2024 6:00,241,84
12/21/2024 7:00,520,112
12/21/2024 8:00,768,193
12/21/2024 9:00,1031,270
12/21/2024 10:00,1073,307
12/21/2024 11:00,1059,369
12/21/2024 12:00,1060,434
12/21/2024 13:00,934,378
12/21/2024 14:00,866,415
12/21/2024 15:00,829,321
12/21/2024 16:00,858,379
12/21/2024 17:00,652,363
12/21/2024 18:00,458,679
12/21/2024 19:00,393,541
12/21/2024 20:00,311,548
12/21/2024 21:00,266,468
12/21/2024 22:00,257,426
12/21/2024 23:00,152,277
12/22/2024 0:00,75,168
12/22/2024 1:00,44,89
12/22/2024 2:00,35,51
12/22/2024 3:00,28,40
12/22/2024 4:00,52,29
12/22/2024 5:00,95,62
12/22/2024 6:00,189,83
12/22/2024 7:00,399,93
12/22/2024 8:00,612,191
12/22/2024 9:00,886,198
12/22/2024 10:00,955,295
12/22/2024 11:00,976,400
12/22/2024 12:00,954,327
12/22/2024 13:00,925,379
12/22/2024 14:00,830,355
12/22/2024 15:00,791,371
12/22/2024 16:00,798,346
12/22/2024 17:00,668,342
12/22/2024 18:00,484,462
12/22/2024 19:00,374,421
12/22/2024 20:00,335,438
12/22/2024 21:00,318,440
12/22/2024 22:00,237,228
12/22/2024 23:00,92,129
12/23/2024 0:00,62,90
12/23/2024 1:00,40,36
12/23/2024 2:00,22,27
12/23/2024 3:00,46,20
12/23/2024 4:00,106,26
12/23/2024 5:00,202,77
12/23/2024 6:00,413,162
12/23/2024 7:00,873,210
12/23/2024 8:00,1044,303
12/23/2024 9:00,1183,326
12/23/2024 10:00,1287,456
12/23/2024 11:00,1238,524
12/23/2024 12:00,1115,514
12/23/2024 13:00,1092,451
12/23/2024 14:00,1030,500
12/23/2024 15:00,1043,511
12/23/2024 16:00,1076,473
12/23/2024 17:00,782,547
12/23/2024 18:00,579,721
12/23/2024 19:00,483,606
12/23/2024 20:00,372,498
12/23/2024 21:00,293,521
12/23/2024 22:00,191,350
12/23/2024 23:00,121,193
12/24/2024 0:00,63,105
12/24/2024 1:00,38,66
12/24/2024 2:00,35,33
12/24/2024 3:00,43,32
12/24/2024 4:00,0,0
12/24/2024 5:00,0,0
12/24/2024 6:00,0,0
12/24/2024 7:00,0,0
12/24/2024 8:00,0,0
12/24/2024 9:00,0,0
12/24/2024 10:00,0,0
12/24/2024 11:00,0,0
12/24/2024 12:00,0,0
12/24/2024 13:00,0,0
12/24/2024 14:00,0,0
12/24/2024 15:00,0,0
12/24/2024 16:00,0,0
12/24/2024 17:00,0,0
12/24/2024 18:00,0,0
12/24/2024 19:00,0,0
12/24/2024 20:00,0,0
12/24/2024 21:00,0,0
12/24/2024 22:00,0,0
12/24/2024 23:00,0,0
5/27/2025 0:00,0,0
5/27/2025 1:00,0,0
5/27/2025 2:00,0,0
5/27/2025 3:00,0,0
5/27/2025 4:00,0,0
5/27/2025 5:00,0,0
5/27/2025 6:00,0,0
5/27/2025 7:00,0,0
5/27/2025 8:00,0,0
5/27/2025 9:00,0,0
5/27/2025 10:00,0,0
5/27/2025 11:00,889,525
5/27/2025 12:00,869,610
5/27/2025 13:00,961,636
5/27/2025 14:00,915,843
5/27/2025 15:00,1102,787
5/27/2025 16:00,840,767
5/27/2025 17:00,788,735
5/27/2025 18:00,610,496
5/27/2025 19:00,405,300
5/27/2025 20:00,298,369
5/27/2025 21:00,239,344
5/27/2025 22:00,170,242
5/27/2025 23:00,78,126
5/28/2025 0:00,41,67
5/28/2025 1:00,24,45
5/28/2025 2:00,23,22
5/28/2025 3:00,47,21
5/28/2025 4:00,124,23
5/28/2025 5:00,283,65
5/28/2025 6:00,527,252
5/28/2025 7:00,1191,451
5/28/2025 8:00,1223,572
5/28/2025 9:00,972,490
5/28/2025 10:00,911,541
5/28/2025 11:00,875,490
5/28/2025 12:00,964,547
5/28/2025 13:00,960,605
5/28/2025 14:00,943,715
5/28/2025 15:00,1037,795
5/28/2025 16:00,782,794
5/28/2025 17:00,847,860
5/28/2025 18:00,700,522
5/28/2025 19:00,532,313
5/28/2025 20:00,345,291
5/28/2025 21:00,271,284
5/28/2025 22:00,181,218
5/28/2025 23:00,103,133
5/29/2025 0:00,63,88
5/29/2025 1:00,29,32
5/29/2025 2:00,23,29
5/29/2025 3:00,50,15
5/29/2025 4:00,125,25
5/29/2025 5:00,285,61
5/29/2025 6:00,553,265
5/29/2025 7:00,1106,446
5/29/2025 8:00,1227,537
5/29/2025 9:00,1023,493
5/29/2025 10:00,901,494
5/29/2025 11:00,894,570
5/29/2025 12:00,920,600
5/29/2025 13:00,902,634
5/29/2025 14:00,998,890
5/29/2025 15:00,1100,863
5/29/2025 16:00,880,800
5/29/2025 17:00,914,783
5/29/2025 18:00,629,533
5/29/2025 19:00,520,318
5/29/2025 20:00,398,340
5/29/2025 21:00,259,304
5/29/2025 22:00,208,198
5/29/2025 23:00,129,119
5/30/2025 0:00,67,60
5/30/2025 1:00,38,35
5/30/2025 2:00,29,21
5/30/2025 3:00,52,13
5/30/2025 4:00,122,20
5/30/2025 5:00,238,62
5/30/2025 6:00,518,264
5/30/2025 7:00,1163,438
5/30/2025 8:00,1246,563
5/30/2025 9:00,1056,548
5/30/2025 10:00,1008,530
5/30/2025 11:00,934,598
5/30/2025 12:00,941,687
5/30/2025 13:00,915,738
5/30/2025 14:00,1042,838
5/30/2025 15:00,1237,819
5/30/2025 16:00,888,785
5/30/2025 17:00,910,755
5/30/2025 18:00,734,520
5/30/2025 19:00,624,333
5/30/2025 20:00,404,297
5/30/2025 21:00,303,356
5/30/2025 22:00,232,288
5/30/2025 23:00,157,191
5/31/2025 0:00,80,118
5/31/2025 1:00,35,61
5/31/2025 2:00,32,53
5/31/2025 3:00,47,23
5/31/2025 4:00,91,32
5/31/2025 5:00,133,51
5/31/2025 6:00,302,120
5/31/2025 7:00,503,199
5/31/2025 8:00,734,292
5/31/2025 9:00,909,347
5/31/2025 10:00,1019,391
5/31/2025 11:00,905,443
5/31/2025 12:00,855,522
5/31/2025 13:00,834,490
5/31/2025 14:00,761,509
5/31/2025 15:00,674,531
5/31/2025 16:00,654,480
5/31/2025 17:00,664,497
5/31/2025 18:00,550,404
5/31/2025 19:00,488,330
5/31/2025 20:00,372,270
5/31/2025 21:00,321,284
5/31/2025 22:00,271,212
5/31/2025 23:00,160,172
6/1/2025 0:00,66,82
6/1/2025 1:00,44,56
6/1/2025 2:00,51,14
6/1/2025 3:00,46,8
6/1/2025 4:00,72,7
6/1/2025 5:00,111,14
6/1/2025 6:00,174,67
6/1/2025 7:00,351,109
6/1/2025 8:00,451,208
6/1/2025 9:00,747,224
6/1/2025 10:00,714,286
6/1/2025 11:00,796,364
6/1/2025 12:00,734,349
6/1/2025 13:00,669,425
6/1/2025 14:00,652,414
6/1/2025 15:00,598,452
6/1/2025 16:00,581,403
6/1/2025 17:00,553,406
6/1/2025 18:00,487,343
6/1/2025 19:00,394,325
6/1/2025 20:00,314,240
6/1/2025 21:00,267,247
6/1/2025 22:00,183,154
6/1/2025 23:00,129,100
6/2/2025 0:00,56,46
6/2/2025 1:00,35,22
6/2/2025 2:00,37,23
6/2/2025 3:00,62,25
6/2/2025 4:00,162,23
6/2/2025 5:00,268,52
6/2/2025 6:00,581,259
6/2/2025 7:00,1099,489
6/2/2025 8:00,1129,500
6/2/2025 9:00,989,500
6/2/2025 10:00,879,514
6/2/2025 11:00,877,524
6/2/2025 12:00,843,561
6/2/2025 13:00,894,638
6/2/2025 14:00,944,767
6/2/2025 15:00,1084,811
6/2/2025 16:00,777,658
6/2/2025 17:00,733,710
6/2/2025 18:00,580,519
6/2/2025 19:00,428,278
6/2/2025 20:00,325,264
6/2/2025 21:00,242,264
6/2/2025 22:00,140,164
6/2/2025 23:00,75,89
6/3/2025 0:00,41,63
6/3/2025 1:00,26,20
6/3/2025 2:00,28,22
6/3/2025 3:00,56,20
6/3/2025 4:00,123,34
6/3/2025 5:00,272,71
6/3/2025 6:00,522,246
6/3/2025 7:00,1089,365
6/3/2025 8:00,1135,528
6/3/2025 9:00,1123,517
6/3/2025 10:00,948,498
6/3/2025 11:00,878,545
6/3/2025 12:00,897,540
6/3/2025 13:00,866,576
6/3/2025 14:00,947,762
6/3/2025 15:00,963,806
6/3/2025 16:00,829,791
6/3/2025 17:00,917,706
6/3/2025 18:00,740,480
6/3/2025 19:00,423,299
6/3/2025 20:00,367,286
6/3/2025 21:00,345,464
6/3/2025 22:00,180,191
6/3/2025 23:00,108,123
6/4/2025 0:00,67,58
6/4/2025 1:00,29,39
6/4/2025 2:00,32,10
6/4/2025 3:00,46,14
6/4/2025 4:00,137,12
6/4/2025 5:00,288,59
6/4/2025 6:00,514,229
6/4/2025 7:00,1105,394
6/4/2025 8:00,1198,516
6/4/2025 9:00,988,476
6/4/2025 10:00,924,487
6/4/2025 11:00,961,548
6/4/2025 12:00,992,646
6/4/2025 13:00,1022,683
6/4/2025 14:00,924,784
6/4/2025 15:00,917,804
6/4/2025 16:00,829,671
6/4/2025 17:00,732,748
6/4/2025 18:00,695,522
6/4/2025 19:00,452,306
6/4/2025 20:00,299,295
6/4/2025 21:00,224,381
6/4/2025 22:00,159,207
6/4/2025 23:00,98,88
6/5/2025 0:00,43,69
6/5/2025 1:00,23,24
6/5/2025 2:00,25,22
6/5/2025 3:00,45,20
6/5/2025 4:00,116,24
6/5/2025 5:00,264,66
6/5/2025 6:00,570,259
6/5/2025 7:00,1092,410
6/5/2025 8:00,1187,516
6/5/2025 9:00,931,476
6/5/2025 10:00,976,503
6/5/2025 11:00,840,552
6/5/2025 12:00,982,610
6/5/2025 13:00,1007,670
6/5/2025 14:00,913,756
6/5/2025 15:00,835,768
6/5/2025 16:00,794,699
6/5/2025 17:00,761,735
6/5/2025 18:00,649,482
6/5/2025 19:00,453,279
6/5/2025 20:00,322,286
6/5/2025 21:00,239,313
6/5/2025 22:00,182,213
6/5/2025 23:00,93,115
6/6/2025 0:00,26,57
6/6/2025 1:00,29,34
6/6/2025 2:00,26,13
6/6/2025 3:00,54,24
6/6/2025 4:00,111,28
6/6/2025 5:00,261,68
6/6/2025 6:00,469,212
6/6/2025 7:00,916,376
6/6/2025 8:00,913,397
6/6/2025 9:00,995,499
6/6/2025 10:00,934,472
6/6/2025 11:00,933,556
6/6/2025 12:00,828,585
6/6/2025 13:00,845,694
6/6/2025 14:00,834,755
6/6/2025 15:00,855,771
6/6/2025 16:00,779,721
6/6/2025 17:00,709,673
6/6/2025 18:00,601,433
6/6/2025 19:00,518,334
6/6/2025 20:00,470,302
6/6/2025 21:00,336,300
6/6/2025 22:00,250,240
6/6/2025 23:00,149,140
6/7/2025 0:00,71,86
6/7/2025 1:00,50,45
6/7/2025 2:00,42,31
6/7/2025 3:00,49,22
6/7/2025 4:00,73,20
6/7/2025 5:00,161,49
6/7/2025 6:00,300,133
6/7/2025 7:00,496,165
6/7/2025 8:00,743,263
6/7/2025 9:00,859,389
6/7/2025 10:00,853,359
6/7/2025 11:00,827,424
6/7/2025 12:00,789,445
6/7/2025 13:00,755,521
6/7/2025 14:00,638,538
6/7/2025 15:00,654,517
6/7/2025 16:00,648,421
6/7/2025 17:00,564,433
6/7/2025 18:00,527,412
6/7/2025 19:00,470,252
6/7/2025 20:00,315,273
6/7/2025 21:00,279,329
6/7/2025 22:00,211,227
6/7/2025 23:00,133,156
6/8/2025 0:00,76,105
6/8/2025 1:00,48,72
6/8/2025 2:00,33,47
6/8/2025 3:00,48,26
6/8/2025 4:00,52,21
6/8/2025 5:00,101,32
6/8/2025 6:00,215,85
6/8/2025 7:00,337,87
6/8/2025 8:00,510,226
6/8/2025 9:00,763,214
6/8/2025 10:00,796,327
6/8/2025 11:00,713,387
6/8/2025 12:00,693,394
6/8/2025 13:00,593,475
6/8/2025 14:00,611,354
6/8/2025 15:00,544,420
6/8/2025 16:00,528,358
6/8/2025 17:00,477,359
6/8/2025 18:00,417,304
6/8/2025 19:00,415,250
6/8/2025 20:00,312,228
6/8/2025 21:00,242,217
6/8/2025 22:00,157,185
6/8/2025 23:00,87,99
6/9/2025 0:00,3,1
6/9/2025 1:00,0,0
6/9/2025 2:00,0,0
6/9/2025 3:00,0,0
6/9/2025 4:00,0,0
6/9/2025 5:00,0,0
6/9/2025 6:00,0,0
6/9/2025 7:00,0,0
6/9/2025 8:00,0,0
6/9/2025 9:00,0,0
6/9/2025 10:00,0,0
6/9/2025 11:00,0,0
6/9/2025 12:00,0,0
6/9/2025 13:00,0,0
6/9/2025 14:00,0,0
6/9/2025 15:00,0,0
6/9/2025 16:00,0,0
6/9/2025 17:00,0,0
6/9/2025 18:00,0,0
6/9/2025 19:00,0,0
6/9/2025 20:00,0,0
6/9/2025 21:00,0,0
6/9/2025 22:00,46,57
6/9/2025 23:00,97,95
6/10/2025 0:00,46,50
6/10/2025 1:00,28,35
6/10/2025 2:00,22,11
6/10/2025 3:00,47,9
6/10/2025 4:00,125,40
6/10/2025 5:00,272,84
6/10/2025 6:00,545,234
6/10/2025 7:00,1029,370
6/10/2025 8:00,1117,414
6/10/2025 9:00,901,442
6/10/2025 10:00,914,458
6/10/2025 11:00,799,540
6/10/2025 12:00,982,598
6/10/2025 13:00,869,566
6/10/2025 14:00,839,703
6/10/2025 15:00,808,732
6/10/2025 16:00,775,652
6/10/2025 17:00,723,675
6/10/2025 18:00,626,516
6/10/2025 19:00,466,300
6/10/2025 20:00,328,250
6/10/2025 21:00,198,253
6/10/2025 22:00,154,170
6/10/2025 23:00,92,112
6/11/2025 0:00,65,55
6/11/2025 1:00,29,40
6/11/2025 2:00,29,22
6/11/2025 3:00,49,13
6/11/2025 4:00,121,33
6/11/2025 5:00,8,3
6/11/2025 6:00,0,0
6/11/2025 7:00,0,0
6/11/2025 8:00,0,0
6/11/2025 9:00,0,0
6/11/2025 10:00,0,0
6/11/2025 11:00,0,0
6/11/2025 12:00,0,0
6/11/2025 13:00,651,463
6/11/2025 14:00,795,713
6/11/2025 15:00,817,742
6/11/2025 16:00,745,684
6/11/2025 17:00,732,700
6/11/2025 18:00,562,466
6/11/2025 19:00,426,259
6/11/2025 20:00,331,292
6/11/2025 21:00,239,274
6/11/2025 22:00,150,182
6/11/2025 23:00,85,104
6/12/2025 0:00,30,60
6/12/2025 1:00,30,41
6/12/2025 2:00,35,16
6/12/2025 3:00,51,22
6/12/2025 4:00,121,35
6/12/2025 5:00,253,82
6/12/2025 6:00,588,230
6/12/2025 7:00,989,347
6/12/2025 8:00,1005,399
6/12/2025 9:00,952,481
6/12/2025 10:00,904,453
6/12/2025 11:00,852,527
6/12/2025 12:00,981,596
6/12/2025 13:00,846,653
6/12/2025 14:00,802,765
6/12/2025 15:00,806,770
6/12/2025 16:00,800,716
6/12/2025 17:00,742,710
6/12/2025 18:00,569,498
6/12/2025 19:00,560,304
6/12/2025 20:00,388,295
6/12/2025 21:00,259,331
6/12/2025 22:00,168,217
6/12/2025 23:00,88,104
6/13/2025 0:00,43,61
6/13/2025 1:00,24,32
6/13/2025 2:00,23,29
6/13/2025 3:00,45,21
6/13/2025 4:00,112,30
6/13/2025 5:00,248,69
6/13/2025 6:00,511,225
6/13/2025 7:00,920,353
6/13/2025 8:00,1019,414
6/13/2025 9:00,956,512
6/13/2025 10:00,961,481
6/13/2025 11:00,861,531
6/13/2025 12:00,952,641
6/13/2025 13:00,859,608
6/13/2025 14:00,851,702
6/13/2025 15:00,732,704
6/13/2025 16:00,873,702
6/13/2025 17:00,745,659
6/13/2025 18:00,630,548
6/13/2025 19:00,589,312
6/13/2025 20:00,419,299
6/13/2025 21:00,310,359
6/13/2025 22:00,218,262
6/13/2025 23:00,118,172
6/14/2025 0:00,82,93
6/14/2025 1:00,28,53
6/14/2025 2:00,32,45
6/14/2025 3:00,51,32
6/14/2025 4:00,62,22
6/14/2025 5:00,129,39
6/14/2025 6:00,284,108
6/14/2025 7:00,488,197
6/14/2025 8:00,735,272
6/14/2025 9:00,825,337
6/14/2025 10:00,920,456
6/14/2025 11:00,882,468
6/14/2025 12:00,815,443
6/14/2025 13:00,816,469
6/14/2025 14:00,708,438
6/14/2025 15:00,624,434
6/14/2025 16:00,678,443
6/14/2025 17:00,623,459
6/14/2025 18:00,529,340
6/14/2025 19:00,491,277
6/14/2025 20:00,370,286
6/14/2025 21:00,280,268
6/14/2025 22:00,202,219
6/14/2025 23:00,119,149
6/15/2025 0:00,80,90
6/15/2025 1:00,48,43
6/15/2025 2:00,31,23
6/15/2025 3:00,38,22
6/15/2025 4:00,66,19
6/15/2025 5:00,98,30
6/15/2025 6:00,235,95
6/15/2025 7:00,337,119
6/15/2025 8:00,521,234
6/15/2025 9:00,729,256
6/15/2025 10:00,810,326
6/15/2025 11:00,746,452
6/15/2025 12:00,642,395
6/15/2025 13:00,632,445
6/15/2025 14:00,588,419
6/15/2025 15:00,498,389
6/15/2025 16:00,568,335
6/15/2025 17:00,546,374
6/15/2025 18:00,405,343
6/15/2025 19:00,367,216
6/15/2025 20:00,310,273
6/15/2025 21:00,211,267
6/15/2025 22:00,179,212
6/15/2025 23:00,94,140
6/16/2025 0:00,56,77
6/16/2025 1:00,31,35
6/16/2025 2:00,25,25
6/16/2025 3:00,54,25
6/16/2025 4:00,135,35
6/16/2025 5:00,227,75
6/16/2025 6:00,560,240
6/16/2025 7:00,947,367
6/16/2025 8:00,879,385
6/16/2025 9:00,912,416
6/16/2025 10:00,856,484
6/16/2025 11:00,806,462
6/16/2025 12:00,843,494
6/16/2025 13:00,886,601
6/16/2025 14:00,0,0
6/16/2025 15:00,0,0
6/16/2025 16:00,0,0
6/16/2025 17:00,0,0
6/16/2025 18:00,0,0
6/16/2025 19:00,0,0
6/16/2025 20:00,0,0
6/16/2025 21:00,0,0
6/16/2025 22:00,0,0
6/16/2025 23:00,0,0
